OBJECTID *,shape *,c5st_seq_no,relateid,depth_top,depth_bot,drllr_desc,color,hardness,strat,lith_prim,lith_sec,lith_minor,wellid,concat,stratcode_gen,stratcode_detail,elev_top,elev_bot,thickness,elevation,bdrkelev,depth2bdrk,first_bdrk,last_strat,ohtopunit,ohtopelev,ohbotunit,ohbotelev,botholelev,aquifer,X,Y
10356,Point Z,4143193,626647,0,10,CLAY,YELLOW  ,SOFT    ,QCUY,CLAY,<Null>,<Null>,626647,"CLAY,CLAY,YELLOW",till,"clay, yellow",1245,1235,10,1245,1235,10,OGPC,OPDC,OPDC,867,OPDC,825,825,OPDC,557629.981,4869556.294
10359,Point Z,4143194,626647,10,30,LIME,YELLOW  ,HARD    ,OGPC,LMSN,<Null>,<Null>,626647,"LIME,LMSN,YELLOW",bdrk,bedrock,1235,1215,20,1245,1235,10,OGPC,OPDC,OPDC,867,OPDC,825,825,OPDC,557629.981,4869556.294
10355,Point Z,4143195,626647,30,160,SHALE,BLUE    ,HARD    ,OGDP,SHLE,LMSN,<Null>,626647,"SHALE,SHLE,BLUE",bdrk,bedrock,1215,1085,130,1245,1235,10,OGPC,OPDC,OPDC,867,OPDC,825,825,OPDC,557629.981,4869556.294
10358,Point Z,4143196,626647,160,260,SANDROCK,BLUE    ,MEDIUM  ,OSTP,SNDS,<Null>,<Null>,626647,"SANDROCK,SNDS,BLUE",bdrk,bedrock,1085,985,100,1245,1235,10,OGPC,OPDC,OPDC,867,OPDC,825,825,OPDC,557629.981,4869556.294
10362,Point Z,4143197,634228,0,10,CLAY,YELLOW  ,SOFT    ,QCUY,CLAY,<Null>,<Null>,634228,"CLAY,CLAY,YELLOW",till,"clay, yellow",1290,1280,10,1290,1280,10,OGPR,OPDC,OPDC,933,OPDC,890,890,OPDC,560329.047,4869566.944
10364,Point Z,4143198,634228,10,20,LIME,YELLOW  ,HARD    ,OGPR,LMSN,<Null>,<Null>,634228,"LIME,LMSN,YELLOW",bdrk,bedrock,1280,1270,10,1290,1280,10,OGPR,OPDC,OPDC,933,OPDC,890,890,OPDC,560329.047,4869566.944
10361,Point Z,4143199,634228,20,200,SHALE,BLUE    ,HARD    ,OGDP,SHLE,LMSN,<Null>,634228,"SHALE,SHLE,BLUE",bdrk,bedrock,1270,1090,180,1290,1280,10,OGPR,OPDC,OPDC,933,OPDC,890,890,OPDC,560329.047,4869566.944
10360,Point Z,4143200,634228,200,320,SANDROCK,BLUE    ,MEDIUM  ,OSTP,SNDS,<Null>,<Null>,634228,"SANDROCK,SNDS,BLUE",bdrk,bedrock,1090,970,120,1290,1280,10,OGPR,OPDC,OPDC,933,OPDC,890,890,OPDC,560329.047,4869566.944
10363,Point Z,4143201,634228,320,400,LIME,GRAY    ,HARD    ,OPDC,DLMT,<Null>,<Null>,634228,"LIME,DLMT,GRAY",bdrk,bedrock,970,890,80,1290,1280,10,OGPR,OPDC,OPDC,933,OPDC,890,890,OPDC,560329.047,4869566.944
8443,Point Z,4173351,641651,0,1,CLAY,BROWN   ,SOFT    ,QCUB,CLAY,<Null>,<Null>,641651,"CLAY,CLAY,BROWN",till,"clay, brown",1273,1272,1,1273,1266,7,OGPC,OPSH,OPSH,957.2,OPSH,923,923,OPSH,556999.9811,4868091.009
8446,Point Z,4173352,641651,1,5,SAND,BROWN   ,SOFT    ,QFUB,SAND,<Null>,<Null>,641651,"SAND,SAND,BROWN",sand,"sand, brown",1272,1268,4,1273,1266,7,OGPC,OPSH,OPSH,957.2,OPSH,923,923,OPSH,556999.9811,4868091.009
8439,Point Z,4173353,641651,5,7,CLAY,BROWN   ,SOFT    ,QCUB,CLAY,<Null>,<Null>,641651,"CLAY,CLAY,BROWN",till,"clay, brown",1268,1266,2,1273,1266,7,OGPC,OPSH,OPSH,957.2,OPSH,923,923,OPSH,556999.9811,4868091.009
8442,Point Z,4173354,641651,7,126,LIMESTONE,TAN     ,HARD    ,OGPC,LMSN,<Null>,<Null>,641651,"LIMESTONE,LMSN,TAN",bdrk,bedrock,1266,1147,119,1273,1266,7,OGPC,OPSH,OPSH,957.2,OPSH,923,923,OPSH,556999.9811,4868091.009
8444,Point Z,4173355,641651,126,169,SHALE,BLUE    ,SOFT    ,ODCR,SHLE,LMSN,<Null>,641651,"SHALE,SHLE,BLUE",bdrk,bedrock,1147,1104,43,1273,1266,7,OGPC,OPSH,OPSH,957.2,OPSH,923,923,OPSH,556999.9811,4868091.009
8445,Point Z,4173356,641651,169,190,LIMESTONE,BROWN   ,HARD    ,OPVL,LMSN,<Null>,<Null>,641651,"LIMESTONE,LMSN,BROWN",bdrk,bedrock,1104,1083,21,1273,1266,7,OGPC,OPSH,OPSH,957.2,OPSH,923,923,OPSH,556999.9811,4868091.009
8440,Point Z,4173357,641651,190,195,SHALE,GREEN   ,SOFT    ,OGWD,SHLE,<Null>,<Null>,641651,"SHALE,SHLE,GREEN",bdrk,bedrock,1083,1078,5,1273,1266,7,OGPC,OPSH,OPSH,957.2,OPSH,923,923,OPSH,556999.9811,4868091.009
8441,Point Z,4173358,641651,195,295,SANDSTONE,GRAY    ,SOFT    ,OSTP,SNDS,<Null>,<Null>,641651,"SANDSTONE,SNDS,GRAY",bdrk,bedrock,1078,978,100,1273,1266,7,OGPC,OPSH,OPSH,957.2,OPSH,923,923,OPSH,556999.9811,4868091.009
8447,Point Z,4173361,641651,295,350,DOLOMITE,GRAY    ,HARD    ,OPSH,DLMT,SNDS,<Null>,641651,"DOLOMITE,DLMT,GRAY",bdrk,bedrock,978,923,55,1273,1266,7,OGPC,OPSH,OPSH,957.2,OPSH,923,923,OPSH,556999.9811,4868091.009
7994,Point Z,4524765,107657,0,10,SOIL,BROWN   ,SOFT    ,RUUB,SOIL,ORGD,<Null>,107657,"SOIL,SOIL,BROWN",fill,soil,1290,1280,10,1290,1280,10,OGSC,OSTP,OSTP,1040,OSTP,970,970,OSTP,557816,4867594
7990,Point Z,4524766,107657,10,160,GALENA LIME,GRAY    ,HARD    ,OGSC,LMSN,<Null>,<Null>,107657,"GALENALIME,LMSN,GRAY",bdrk,bedrock,1280,1130,150,1290,1280,10,OGSC,OSTP,OSTP,1040,OSTP,970,970,OSTP,557816,4867594
7993,Point Z,4524767,107657,160,200,SHALE,GREEN   ,HARD    ,ODCR,SHLE,<Null>,<Null>,107657,"SHALE,SHLE,GREEN",bdrk,bedrock,1130,1090,40,1290,1280,10,OGSC,OSTP,OSTP,1040,OSTP,970,970,OSTP,557816,4867594
7991,Point Z,4524768,107657,200,220,PLATTEVILLE LIME,GRAY    ,HARD    ,OPVL,LMSN,<Null>,<Null>,107657,"PLATTEVILLELIME,LMSN,GRAY",bdrk,bedrock,1090,1070,20,1290,1280,10,OGSC,OSTP,OSTP,1040,OSTP,970,970,OSTP,557816,4867594
7992,Point Z,4524769,107657,220,320,ST. PETER SAND,WHITE   ,HARD    ,OSTP,SNDS,<Null>,<Null>,107657,"ST.PETERSAND,SNDS,WHITE",bdrk,bedrock,1070,970,100,1290,1280,10,OGSC,OSTP,OSTP,1040,OSTP,970,970,OSTP,557816,4867594
11396,Point Z,4526794,148347,0,6,CLAY,BROWN   ,SOFT    ,QCUB,CLAY,<Null>,<Null>,148347,"CLAY,CLAY,BROWN",till,"clay, brown",1278,1272,6,1278,1272,6,OGPC,OSTP,OSTP,1028,OSTP,998,998,OSTP,559376,4870064
11394,Point Z,4526795,148347,6,109,LIMESTONE,TAN     ,HARD    ,OGPC,LMSN,<Null>,<Null>,148347,"LIMESTONE,LMSN,TAN",bdrk,bedrock,1272,1169,103,1278,1272,6,OGPC,OSTP,OSTP,1028,OSTP,998,998,OSTP,559376,4870064
11397,Point Z,4526796,148347,109,154,SHALE,GREEN   ,MEDIUM  ,ODCR,SHLE,<Null>,<Null>,148347,"SHALE,SHLE,GREEN",bdrk,bedrock,1169,1124,45,1278,1272,6,OGPC,OSTP,OSTP,1028,OSTP,998,998,OSTP,559376,4870064
11392,Point Z,4526797,148347,154,177,LIMESTONE,GRAY    ,HARD    ,OPVL,LMSN,<Null>,<Null>,148347,"LIMESTONE,LMSN,GRAY",bdrk,bedrock,1124,1101,23,1278,1272,6,OGPC,OSTP,OSTP,1028,OSTP,998,998,OSTP,559376,4870064
11395,Point Z,4526798,148347,177,180,SHALE,BROWN   ,MEDIUM  ,OGWD,SHLE,<Null>,<Null>,148347,"SHALE,SHLE,BROWN",bdrk,bedrock,1101,1098,3,1278,1272,6,OGPC,OSTP,OSTP,1028,OSTP,998,998,OSTP,559376,4870064
11393,Point Z,4526799,148347,180,280,SANDSTONE,WHITE   ,MEDIUM  ,OSTP,SNDS,<Null>,<Null>,148347,"SANDSTONE,SNDS,WHITE",bdrk,bedrock,1098,998,100,1278,1272,6,OGPC,OSTP,OSTP,1028,OSTP,998,998,OSTP,559376,4870064
10340,Point Z,4529087,220607,0,95,GALENA,<Null>,<Null>,OGPC,LMSN,<Null>,<Null>,220607,"GALENA,LMSN,",bdrk,bedrock,1243,1148,95,1243,1243,0,OGPC,OPDC,OPDC,973,OPDC,915,915,OPDC,557797,4869547
10339,Point Z,4529088,220607,95,141,DECORAH SHALE,<Null>,<Null>,ODCR,SHLE,<Null>,<Null>,220607,"DECORAHSHALE,SHLE,",bdrk,bedrock,1148,1102,46,1243,1243,0,OGPC,OPDC,OPDC,973,OPDC,915,915,OPDC,557797,4869547
10336,Point Z,4529089,220607,141,159,PLATTEVILLE,<Null>,<Null>,OPVL,LMSN,<Null>,<Null>,220607,"PLATTEVILLE,LMSN,",bdrk,bedrock,1102,1084,18,1243,1243,0,OGPC,OPDC,OPDC,973,OPDC,915,915,OPDC,557797,4869547
10341,Point Z,4529090,220607,159,163,GLENWOOD,<Null>,<Null>,OGWD,SHLE,<Null>,<Null>,220607,"GLENWOOD,SHLE,",bdrk,bedrock,1084,1080,4,1243,1243,0,OGPC,OPDC,OPDC,973,OPDC,915,915,OPDC,557797,4869547
10338,Point Z,4529091,220607,163,267,ST. PETER,<Null>,<Null>,OSTP,SNDS,<Null>,<Null>,220607,"ST.PETER,SNDS,",bdrk,bedrock,1080,976,104,1243,1243,0,OGPC,OPDC,OPDC,973,OPDC,915,915,OPDC,557797,4869547
10337,Point Z,4529092,220607,267,328,SHAKOPEE,<Null>,<Null>,OPDC,DLMT,<Null>,<Null>,220607,"SHAKOPEE,DLMT,",bdrk,bedrock,976,915,61,1243,1243,0,OGPC,OPDC,OPDC,973,OPDC,915,915,OPDC,557797,4869547
11374,Point Z,4529098,220609,0,5,DRIFT,<Null>,<Null>,QUUU,DRFT,<Null>,<Null>,220609,"DRIFT,DRFT,",drift,drift,1243,1238,5,1243,1238,5,OGPR,OSTP,OGCM,1179,OSTP,1024,1024,MTPL,557546,4870055
11375,Point Z,4529099,220609,5,24,LIMESTONE,BROWN   ,<Null>,OGPR,LMSN,<Null>,<Null>,220609,"LIMESTONE,LMSN,BROWN",bdrk,bedrock,1238,1219,19,1243,1238,5,OGPR,OSTP,OGCM,1179,OSTP,1024,1024,MTPL,557546,4870055
11376,Point Z,4529100,220609,24,90,LIMESTONE,BLUE    ,<Null>,OGPC,LMSN,<Null>,<Null>,220609,"LIMESTONE,LMSN,BLUE",bdrk,bedrock,1219,1153,66,1243,1238,5,OGPR,OSTP,OGCM,1179,OSTP,1024,1024,MTPL,557546,4870055
11372,Point Z,4529101,220609,90,129,SHALE,BLUE    ,<Null>,ODCR,SHLE,<Null>,<Null>,220609,"SHALE,SHLE,BLUE",bdrk,bedrock,1153,1114,39,1243,1238,5,OGPR,OSTP,OGCM,1179,OSTP,1024,1024,MTPL,557546,4870055
11373,Point Z,4529102,220609,129,159,LIMESTONE,BROWN   ,<Null>,OPGW,LMSN,<Null>,<Null>,220609,"LIMESTONE,LMSN,BROWN",bdrk,bedrock,1114,1084,30,1243,1238,5,OGPR,OSTP,OGCM,1179,OSTP,1024,1024,MTPL,557546,4870055
11371,Point Z,4529103,220609,159,219,SANDSTONE,<Null>,<Null>,OSTP,SNDS,<Null>,<Null>,220609,"SANDSTONE,SNDS,",bdrk,bedrock,1084,1024,60,1243,1238,5,OGPR,OSTP,OGCM,1179,OSTP,1024,1024,MTPL,557546,4870055
7858,Point Z,4529108,220611,0,19,DRIFT,<Null>,<Null>,QUUU,DRFT,<Null>,<Null>,220611,"DRIFT,DRFT,",drift,drift,1267,1248,19,1267,1248,19,OGPR,OSTP,OSTP,1050,OSTP,980,980,OSTP,557369.32,4867293.78
7855,Point Z,4529109,220611,19,59,GALENA LIMESTONE,<Null>,<Null>,OGPR,LMSN,<Null>,<Null>,220611,"GALENALIMESTONE,LMSN,",bdrk,bedrock,1248,1208,40,1267,1248,19,OGPR,OSTP,OSTP,1050,OSTP,980,980,OSTP,557369.32,4867293.78
7856,Point Z,4529110,220611,120,162,DECORAH SHALE,<Null>,<Null>,ODCR,SHLE,<Null>,<Null>,220611,"DECORAHSHALE,SHLE,",bdrk,bedrock,1147,1105,42,1267,1248,19,OGPR,OSTP,OSTP,1050,OSTP,980,980,OSTP,557369.32,4867293.78
7861,Point Z,4529111,220611,162,185,PLATTEVILLE LIMESTONE,<Null>,<Null>,OPVL,LMSN,<Null>,<Null>,220611,"PLATTEVILLELIMESTONE,LMSN,",bdrk,bedrock,1105,1082,23,1267,1248,19,OGPR,OSTP,OSTP,1050,OSTP,980,980,OSTP,557369.32,4867293.78
7859,Point Z,4529112,220611,185,195,GLENWOOD SHALE,<Null>,<Null>,OGWD,SHLE,<Null>,<Null>,220611,"GLENWOODSHALE,SHLE,",bdrk,bedrock,1082,1072,10,1267,1248,19,OGPR,OSTP,OSTP,1050,OSTP,980,980,OSTP,557369.32,4867293.78
7860,Point Z,4529113,220611,195,287,ST. PETER SANDSTONE,<Null>,<Null>,OSTP,SNDS,<Null>,<Null>,220611,"ST.PETERSANDSTONE,SNDS,",bdrk,bedrock,1072,980,92,1267,1248,19,OGPR,OSTP,OSTP,1050,OSTP,980,980,OSTP,557369.32,4867293.78
8258,Point Z,4531329,227390,0,106,OLD HOLE,<Null>,<Null>,NRCD,NRCD,<Null>,<Null>,227390,"OLDHOLE,NRCD,",nrcd,irrelevant,1300,1194,106,1300,<Null>,<Null>,NRCD,OPDC,OPDC,985,OPDC,950,950,OPDC,560528,4867985
8255,Point Z,4531330,227390,106,149,GALENA,<Null>,<Null>,OGCM,LMSN,<Null>,<Null>,227390,"GALENA,LMSN,",bdrk,bedrock,1194,1151,43,1300,<Null>,<Null>,NRCD,OPDC,OPDC,985,OPDC,950,950,OPDC,560528,4867985
8254,Point Z,4531331,227390,149,191,DECORAH,<Null>,<Null>,ODCR,SHLE,<Null>,<Null>,227390,"DECORAH,SHLE,",bdrk,bedrock,1151,1109,42,1300,<Null>,<Null>,NRCD,OPDC,OPDC,985,OPDC,950,950,OPDC,560528,4867985
8256,Point Z,4531332,227390,191,214,PLATTEVILLE,<Null>,<Null>,OPVL,LMSN,<Null>,<Null>,227390,"PLATTEVILLE,LMSN,",bdrk,bedrock,1109,1086,23,1300,<Null>,<Null>,NRCD,OPDC,OPDC,985,OPDC,950,950,OPDC,560528,4867985
8253,Point Z,4531333,227390,214,224,GLENWOOD,<Null>,<Null>,OGWD,SHLE,<Null>,<Null>,227390,"GLENWOOD,SHLE,",bdrk,bedrock,1086,1076,10,1300,<Null>,<Null>,NRCD,OPDC,OPDC,985,OPDC,950,950,OPDC,560528,4867985
8257,Point Z,4531334,227390,224,314,ST. PETER,<Null>,<Null>,OSTP,SNDS,<Null>,<Null>,227390,"ST.PETER,SNDS,",bdrk,bedrock,1076,986,90,1300,<Null>,<Null>,NRCD,OPDC,OPDC,985,OPDC,950,950,OPDC,560528,4867985
8259,Point Z,4531335,227390,314,350,SHAKOPEE,<Null>,<Null>,OPDC,DLMT,<Null>,<Null>,227390,"SHAKOPEE,DLMT,",bdrk,bedrock,986,950,36,1300,<Null>,<Null>,NRCD,OPDC,OPDC,985,OPDC,950,950,OPDC,560528,4867985
8413,Point Z,4536895,446647,0,8,DRIFT,BROWN   ,SOFT    ,QUUB,DRFT,<Null>,<Null>,446647,"DRIFT,DRFT,BROWN",fill,drift,1285,1277,8,1285,1277,8,OGPC,OPDC,OPDC,898,OPDC,834,834,OPDC,558698,4868069
8410,Point Z,4536896,446647,8,128,LIMESTONE,TAN     ,MEDIUM  ,OGPC,LMSN,<Null>,<Null>,446647,"LIMESTONE,LMSN,TAN",bdrk,bedrock,1277,1157,120,1285,1277,8,OGPC,OPDC,OPDC,898,OPDC,834,834,OPDC,558698,4868069
8407,Point Z,4536897,446647,128,171,SHALE,BLUE    ,SOFT    ,ODCR,SHLE,<Null>,<Null>,446647,"SHALE,SHLE,BLUE",bdrk,bedrock,1157,1114,43,1285,1277,8,OGPC,OPDC,OPDC,898,OPDC,834,834,OPDC,558698,4868069
8408,Point Z,4536898,446647,171,191,LIMESTONE,BROWN   ,HARD    ,OPVL,LMSN,<Null>,<Null>,446647,"LIMESTONE,LMSN,BROWN",bdrk,bedrock,1114,1094,20,1285,1277,8,OGPC,OPDC,OPDC,898,OPDC,834,834,OPDC,558698,4868069
8409,Point Z,4536899,446647,191,199,SHALE,BROWN   ,SOFT    ,OGWD,SHLE,<Null>,<Null>,446647,"SHALE,SHLE,BROWN",bdrk,bedrock,1094,1086,8,1285,1277,8,OGPC,OPDC,OPDC,898,OPDC,834,834,OPDC,558698,4868069
8412,Point Z,4536900,446647,199,295,SANDSTONE,WHITE   ,SOFT    ,OSTP,SNDS,<Null>,<Null>,446647,"SANDSTONE,SNDS,WHITE",bdrk,bedrock,1086,990,96,1285,1277,8,OGPC,OPDC,OPDC,898,OPDC,834,834,OPDC,558698,4868069
8411,Point Z,4536901,446647,295,451,DOLOMITE,TAN     ,MEDIUM  ,OPDC,DLMT,<Null>,<Null>,446647,"DOLOMITE,DLMT,TAN",bdrk,bedrock,990,834,156,1285,1277,8,OGPC,OPDC,OPDC,898,OPDC,834,834,OPDC,558698,4868069
10554,Point Z,4536955,446675,0,3,DRIFT,BROWN   ,SOFT    ,QUUB,DRFT,<Null>,<Null>,446675,"DRIFT,DRFT,BROWN",fill,drift,1285,1282,3,1285,1282,3,OGSC,OPDC,OPDC,900,OPDC,830,830,OPDC,559828,4869685
10550,Point Z,4536956,446675,3,91,LIMESTONE,TAN     ,MEDIUM  ,OGSC,LMSN,<Null>,<Null>,446675,"LIMESTONE,LMSN,TAN",bdrk,bedrock,1282,1194,88,1285,1282,3,OGSC,OPDC,OPDC,900,OPDC,830,830,OPDC,559828,4869685
10555,Point Z,4536957,446675,91,133,LIMESTONE WITH SHALE,TAN/BLU ,SOFT    ,OGCM,LMSN,<Null>,<Null>,446675,"LIMESTONEWITHSHALE,LMSN,TAN/BLU",bdrk,bedrock,1194,1152,42,1285,1282,3,OGSC,OPDC,OPDC,900,OPDC,830,830,OPDC,559828,4869685
10549,Point Z,4536958,446675,133,176,SHALE,BLUE    ,SOFT    ,ODCR,SHLE,<Null>,<Null>,446675,"SHALE,SHLE,BLUE",bdrk,bedrock,1152,1109,43,1285,1282,3,OGSC,OPDC,OPDC,900,OPDC,830,830,OPDC,559828,4869685
10553,Point Z,4536959,446675,176,203,LIMESTONE,BROWN   ,HARD    ,OPGW,LMSN,SHLE,<Null>,446675,"LIMESTONE,LMSN,BROWN",bdrk,bedrock,1109,1082,27,1285,1282,3,OGSC,OPDC,OPDC,900,OPDC,830,830,OPDC,559828,4869685
10551,Point Z,4536960,446675,203,300,SANDSTONE,GRAY    ,SOFT    ,OSTP,SNDS,<Null>,<Null>,446675,"SANDSTONE,SNDS,GRAY",bdrk,bedrock,1082,985,97,1285,1282,3,OGSC,OPDC,OPDC,900,OPDC,830,830,OPDC,559828,4869685
10552,Point Z,4536961,446675,300,455,DOLOMITE,LT. BRN ,MEDIUM  ,OPDC,DLMT,<Null>,<Null>,446675,"DOLOMITE,DLMT,LT.BRN",bdrk,bedrock,985,830,155,1285,1282,3,OGSC,OPDC,OPDC,900,OPDC,830,830,OPDC,559828,4869685
7928,Point Z,4537522,464692,0,2,DRIFT,BROWN   ,SOFT    ,QUUB,DRFT,<Null>,<Null>,464692,"DRIFT,DRFT,BROWN",fill,drift,1291,1289,2,1291,1289,2,OGSC,OPDC,OPDC,1022,OPDC,982,982,OPDC,557885,4867436
7926,Point Z,4537523,464692,2,138,LIMESTONE,GRAY    ,MEDIUM  ,OGSC,LMSN,<Null>,<Null>,464692,"LIMESTONE,LMSN,GRAY",bdrk,bedrock,1289,1153,136,1291,1289,2,OGSC,OPDC,OPDC,1022,OPDC,982,982,OPDC,557885,4867436
7927,Point Z,4537524,464692,138,179,SHALE,BLUE    ,SOFT    ,ODCR,SHLE,<Null>,<Null>,464692,"SHALE,SHLE,BLUE",bdrk,bedrock,1153,1112,41,1291,1289,2,OGSC,OPDC,OPDC,1022,OPDC,982,982,OPDC,557885,4867436
7929,Point Z,4537525,464692,179,199,LIMESTONE,BROWN   ,MEDIUM  ,OPVL,LMSN,<Null>,<Null>,464692,"LIMESTONE,LMSN,BROWN",bdrk,bedrock,1112,1092,20,1291,1289,2,OGSC,OPDC,OPDC,1022,OPDC,982,982,OPDC,557885,4867436
7930,Point Z,4537526,464692,199,209,SHALE,BLUE    ,SOFT    ,OGWD,SHLE,<Null>,<Null>,464692,"SHALE,SHLE,BLUE",bdrk,bedrock,1092,1082,10,1291,1289,2,OGSC,OPDC,OPDC,1022,OPDC,982,982,OPDC,557885,4867436
7924,Point Z,4537527,464692,209,307,SANDSTONE,BROWN   ,SOFT    ,OSTP,SNDS,<Null>,<Null>,464692,"SANDSTONE,SNDS,BROWN",bdrk,bedrock,1082,984,98,1291,1289,2,OGSC,OPDC,OPDC,1022,OPDC,982,982,OPDC,557885,4867436
7925,Point Z,4537528,464692,307,309,DOLOMITE,TAN     ,MEDIUM  ,OPDC,DLMT,<Null>,<Null>,464692,"DOLOMITE,DLMT,TAN",bdrk,bedrock,984,982,2,1291,1289,2,OGSC,OPDC,OPDC,1022,OPDC,982,982,OPDC,557885,4867436
10586,Point Z,4820173,622683,0,2,CLAY,BROWN   ,SOFT    ,QCUB,CLAY,<Null>,<Null>,622683,"CLAY,CLAY,BROWN",till,"clay, brown",1257,1255,2,1257,1255,2,OGPC,OPDC,OPDC,982.5,OPDC,898,898,OPDC,557468.072,4869700.313
10591,Point Z,4820174,622683,2,104,LIMESTONE,GRAY    ,MEDIUM  ,OGPC,LMSN,<Null>,<Null>,622683,"LIMESTONE,LMSN,GRAY",bdrk,bedrock,1255,1153,102,1257,1255,2,OGPC,OPDC,OPDC,982.5,OPDC,898,898,OPDC,557468.072,4869700.313
10588,Point Z,4820175,622683,104,148,SHALE,BLUE    ,SOFT    ,ODCR,SHLE,<Null>,<Null>,622683,"SHALE,SHLE,BLUE",bdrk,bedrock,1153,1109,44,1257,1255,2,OGPC,OPDC,OPDC,982.5,OPDC,898,898,OPDC,557468.072,4869700.313
10587,Point Z,4820176,622683,148,170,LIMESTONE,BROWN   ,HARD    ,OPVL,LMSN,<Null>,<Null>,622683,"LIMESTONE,LMSN,BROWN",bdrk,bedrock,1109,1087,22,1257,1255,2,OGPC,OPDC,OPDC,982.5,OPDC,898,898,OPDC,557468.072,4869700.313
10592,Point Z,4820177,622683,170,172,SHALE,GREEN   ,SOFT    ,OGWD,SHLE,<Null>,<Null>,622683,"SHALE,SHLE,GREEN",bdrk,bedrock,1087,1085,2,1257,1255,2,OGPC,OPDC,OPDC,982.5,OPDC,898,898,OPDC,557468.072,4869700.313
10590,Point Z,4820178,622683,172,273,SANDSTONE,WHITE   ,V.SOFT  ,OSTP,SNDS,<Null>,<Null>,622683,"SANDSTONE,SNDS,WHITE",bdrk,bedrock,1085,984,101,1257,1255,2,OGPC,OPDC,OPDC,982.5,OPDC,898,898,OPDC,557468.072,4869700.313
10589,Point Z,4820179,622683,273,359,DOLOMITE,GRAY    ,HARD    ,OPDC,DLMT,<Null>,<Null>,622683,"DOLOMITE,DLMT,GRAY",bdrk,bedrock,984,898,86,1257,1255,2,OGPC,OPDC,OPDC,982.5,OPDC,898,898,OPDC,557468.072,4869700.313
10383,Point Z,5473963,147038,0,17,DRIFT,BROWN   ,SOFT    ,QUUB,DRFT,<Null>,<Null>,147038,"DRIFT,DRFT,BROWN",fill,drift,1256,1239,17,1256,1239,17,OGPC,OSTP,OSTP,1035,OSTP,981,981,OSTP,558167.0303,4869583.42
10385,Point Z,5474242,147038,17,100,LIME,TAN     ,HARD    ,OGPC,LMSN,<Null>,<Null>,147038,"LIME,LMSN,TAN",bdrk,bedrock,1239,1156,83,1256,1239,17,OGPC,OSTP,OSTP,1035,OSTP,981,981,OSTP,558167.0303,4869583.42
10382,Point Z,5474243,147038,100,141,SHALE,BLUE    ,SOFT    ,ODCR,SHLE,LMSN,<Null>,147038,"SHALE,SHLE,BLUE",bdrk,bedrock,1156,1115,41,1256,1239,17,OGPC,OSTP,OSTP,1035,OSTP,981,981,OSTP,558167.0303,4869583.42
10381,Point Z,5474244,147038,141,163,LIME,TAN     ,HARD    ,OPVL,LMSN,<Null>,<Null>,147038,"LIME,LMSN,TAN",bdrk,bedrock,1115,1093,22,1256,1239,17,OGPC,OSTP,OSTP,1035,OSTP,981,981,OSTP,558167.0303,4869583.42
10384,Point Z,5474245,147038,163,173,SHALE,GREEN   ,SOFT    ,OGWD,SHLE,<Null>,<Null>,147038,"SHALE,SHLE,GREEN",bdrk,bedrock,1093,1083,10,1256,1239,17,OGPC,OSTP,OSTP,1035,OSTP,981,981,OSTP,558167.0303,4869583.42
10380,Point Z,5474246,147038,173,275,SANDSTONE,WHITE   ,SOFT    ,OSTP,SNDS,<Null>,<Null>,147038,"SANDSTONE,SNDS,WHITE",bdrk,bedrock,1083,981,102,1256,1239,17,OGPC,OSTP,OSTP,1035,OSTP,981,981,OSTP,558167.0303,4869583.42
8430,Point Z,5655639,665432,0,13,DRIFT,BROWN   ,SOFT    ,QUUB,DRFT,<Null>,<Null>,665432,"DRIFT,DRFT,BROWN",fill,drift,1290,1277,13,1290,1277,13,OGVP,OPDC,OPDC,910,OPDC,843,843,OPDC,560502.2,4868088.925
8436,Point Z,5655640,665432,13,50,LIMESTONE,YELLOW  ,MEDIUM  ,OGVP,LMSN,<Null>,<Null>,665432,"LIMESTONE,LMSN,YELLOW",bdrk,bedrock,1277,1240,37,1290,1277,13,OGVP,OPDC,OPDC,910,OPDC,843,843,OPDC,560502.2,4868088.925
8435,Point Z,5655641,665432,50,65,SHALE,GREEN   ,SOFT    ,OGPR,SHLE,<Null>,<Null>,665432,"SHALE,SHLE,GREEN",bdrk,bedrock,1240,1225,15,1290,1277,13,OGVP,OPDC,OPDC,910,OPDC,843,843,OPDC,560502.2,4868088.925
8438,Point Z,5655642,665432,65,145,LIMESTONE,GRAY    ,MEDIUM  ,OGPC,LMSN,<Null>,<Null>,665432,"LIMESTONE,LMSN,GRAY",bdrk,bedrock,1225,1145,80,1290,1277,13,OGVP,OPDC,OPDC,910,OPDC,843,843,OPDC,560502.2,4868088.925
8433,Point Z,5655643,665432,145,190,SHALE,BLUE    ,SOFT    ,ODCR,SHLE,<Null>,<Null>,665432,"SHALE,SHLE,BLUE",bdrk,bedrock,1145,1100,45,1290,1277,13,OGVP,OPDC,OPDC,910,OPDC,843,843,OPDC,560502.2,4868088.925
8437,Point Z,5655644,665432,190,210,LIMESTONE,GRAY    ,MEDIUM  ,OPVL,LMSN,<Null>,<Null>,665432,"LIMESTONE,LMSN,GRAY",bdrk,bedrock,1100,1080,20,1290,1277,13,OGVP,OPDC,OPDC,910,OPDC,843,843,OPDC,560502.2,4868088.925
8431,Point Z,5655645,665432,210,219,SHALE,BLUE    ,SOFT    ,OGWD,SHLE,<Null>,<Null>,665432,"SHALE,SHLE,BLUE",bdrk,bedrock,1080,1071,9,1290,1277,13,OGVP,OPDC,OPDC,910,OPDC,843,843,OPDC,560502.2,4868088.925
8434,Point Z,5655646,665432,219,317,SANDSTONE,WHITE   ,SOFT    ,OSTP,SNDS,<Null>,<Null>,665432,"SANDSTONE,SNDS,WHITE",bdrk,bedrock,1071,973,98,1290,1277,13,OGVP,OPDC,OPDC,910,OPDC,843,843,OPDC,560502.2,4868088.925
8432,Point Z,5655647,665432,317,447,LIMESTONE,GRAY    ,HARD    ,OPDC,DLMT,<Null>,<Null>,665432,"LIMESTONE,DLMT,GRAY",bdrk,bedrock,973,843,130,1290,1277,13,OGVP,OPDC,OPDC,910,OPDC,843,843,OPDC,560502.2,4868088.925
8995,Point Z,5682551,684609,0,6,CLAY,BROWN   ,SOFT    ,QCUB,CLAY,<Null>,<Null>,684609,"CLAY,CLAY,BROWN",till,"clay, brown",1280,1274,6,1280,1274,6,OGPR,OSTP,OSTP,1019,OSTP,1009,1009,OSTP,557937.305,4868534.93
9001,Point Z,5682552,684609,6,15,BROKEN LIMESTONE,BROWN   ,MEDIUM  ,OGPR,LMSN,<Null>,<Null>,684609,"BROKENLIMESTONE,LMSN,BROWN",bdrk,bedrock,1274,1265,9,1280,1274,6,OGPR,OSTP,OSTP,1019,OSTP,1009,1009,OSTP,557937.305,4868534.93
9000,Point Z,5682553,684609,15,133,LIMESTONE,GRAY    ,HARD    ,OGPC,LMSN,<Null>,<Null>,684609,"LIMESTONE,LMSN,GRAY",bdrk,bedrock,1265,1147,118,1280,1274,6,OGPR,OSTP,OSTP,1019,OSTP,1009,1009,OSTP,557937.305,4868534.93
8997,Point Z,5682554,684609,133,175,SHALE,BLUE    ,MEDIUM  ,ODCR,SHLE,<Null>,<Null>,684609,"SHALE,SHLE,BLUE",bdrk,bedrock,1147,1105,42,1280,1274,6,OGPR,OSTP,OSTP,1019,OSTP,1009,1009,OSTP,557937.305,4868534.93
8998,Point Z,5682555,684609,175,197,LIMESTONE,BROWN   ,HARD    ,OPVL,LMSN,<Null>,<Null>,684609,"LIMESTONE,LMSN,BROWN",bdrk,bedrock,1105,1083,22,1280,1274,6,OGPR,OSTP,OSTP,1019,OSTP,1009,1009,OSTP,557937.305,4868534.93
8999,Point Z,5682556,684609,197,203,SHALE,GREEN   ,MEDIUM  ,OGWD,SHLE,<Null>,<Null>,684609,"SHALE,SHLE,GREEN",bdrk,bedrock,1083,1077,6,1280,1274,6,OGPR,OSTP,OSTP,1019,OSTP,1009,1009,OSTP,557937.305,4868534.93
8996,Point Z,5682557,684609,203,271,SANDSTONE,GRAY    ,MEDIUM  ,OSTP,SNDS,<Null>,<Null>,684609,"SANDSTONE,SNDS,GRAY",bdrk,bedrock,1077,1009,68,1280,1274,6,OGPR,OSTP,OSTP,1019,OSTP,1009,1009,OSTP,557937.305,4868534.93
8270,Point Z,5787821,701991,0,1,CLAY,BROWN   ,SOFT    ,QCUB,CLAY,<Null>,<Null>,701991,"CLAY,CLAY,BROWN",till,"clay, brown",1304,1303,1,1304,1303,1,OGSC,OSTP,OSTP,1015,OSTP,999,999,OSTP,559479.778,4867989.916
8269,Point Z,5787822,701991,1,146,LIMESTONE,GRAY    ,HARD    ,OGSC,LMSN,<Null>,<Null>,701991,"LIMESTONE,LMSN,GRAY",bdrk,bedrock,1303,1158,145,1304,1303,1,OGSC,OSTP,OSTP,1015,OSTP,999,999,OSTP,559479.778,4867989.916
8272,Point Z,5787823,701991,146,190,SHALE,BLUE    ,MEDIUM  ,ODCR,SHLE,<Null>,<Null>,701991,"SHALE,SHLE,BLUE",bdrk,bedrock,1158,1114,44,1304,1303,1,OGSC,OSTP,OSTP,1015,OSTP,999,999,OSTP,559479.778,4867989.916
8273,Point Z,5787824,701991,190,212,LIMESTONE,BROWN   ,HARD    ,OPVL,LMSN,<Null>,<Null>,701991,"LIMESTONE,LMSN,BROWN",bdrk,bedrock,1114,1092,22,1304,1303,1,OGSC,OSTP,OSTP,1015,OSTP,999,999,OSTP,559479.778,4867989.916
8268,Point Z,5787825,701991,212,219,SHALE,GREEN   ,MEDIUM  ,OGWD,SHLE,<Null>,<Null>,701991,"SHALE,SHLE,GREEN",bdrk,bedrock,1092,1085,7,1304,1303,1,OGSC,OSTP,OSTP,1015,OSTP,999,999,OSTP,559479.778,4867989.916
8271,Point Z,5787826,701991,219,305,SANDSTONE,GRAY    ,MEDIUM  ,OSTP,SNDS,<Null>,<Null>,701991,"SANDSTONE,SNDS,GRAY",bdrk,bedrock,1085,999,86,1304,1303,1,OGSC,OSTP,OSTP,1015,OSTP,999,999,OSTP,559479.778,4867989.916
10722,Point Z,5801942,665449,0,23,DRIFT,BROWN   ,SOFT    ,QUUB,DRFT,<Null>,<Null>,665449,"DRIFT,DRFT,BROWN",fill,drift,1287,1264,23,1287,1264,23,OGPC,OPDC,OPDC,987,OPDC,887,887,OPDC,560895.412,4869776.873
10725,Point Z,5801943,665449,23,130,LIMESTONE,TAN     ,HARD    ,OGPC,LMSN,<Null>,<Null>,665449,"LIMESTONE,LMSN,TAN",bdrk,bedrock,1264,1157,107,1287,1264,23,OGPC,OPDC,OPDC,987,OPDC,887,887,OPDC,560895.412,4869776.873
10719,Point Z,5801944,665449,130,170,SHALE,BLUE    ,SOFT    ,ODCR,SHLE,<Null>,<Null>,665449,"SHALE,SHLE,BLUE",bdrk,bedrock,1157,1117,40,1287,1264,23,OGPC,OPDC,OPDC,987,OPDC,887,887,OPDC,560895.412,4869776.873
10723,Point Z,5801945,665449,170,190,PLATTVILLE,GRAY    ,HARD    ,OPVL,LMSN,<Null>,<Null>,665449,"PLATTVILLE,LMSN,GRAY",bdrk,bedrock,1117,1097,20,1287,1264,23,OGPC,OPDC,OPDC,987,OPDC,887,887,OPDC,560895.412,4869776.873
10721,Point Z,5801946,665449,190,195,SHALE,BLUE    ,SOFT    ,OGWD,SHLE,<Null>,<Null>,665449,"SHALE,SHLE,BLUE",bdrk,bedrock,1097,1092,5,1287,1264,23,OGPC,OPDC,OPDC,987,OPDC,887,887,OPDC,560895.412,4869776.873
10720,Point Z,5801947,665449,195,290,ST PETER ,WHITE   ,SOFT    ,OSTP,SNDS,<Null>,<Null>,665449,"STPETER,SNDS,WHITE",bdrk,bedrock,1092,997,95,1287,1264,23,OGPC,OPDC,OPDC,987,OPDC,887,887,OPDC,560895.412,4869776.873
10724,Point Z,5801948,665449,290,400,LIMESTONE,TAN     ,HARD    ,OPDC,DLMT,<Null>,<Null>,665449,"LIMESTONE,DLMT,TAN",bdrk,bedrock,997,887,110,1287,1264,23,OGPC,OPDC,OPDC,987,OPDC,887,887,OPDC,560895.412,4869776.873
7669,Point Z,5905996,721912,0,8,CLAY,BROWN   ,SOFT    ,QCUB,CLAY,<Null>,<Null>,721912,"CLAY,CLAY,BROWN",till,"clay, brown",1286,1278,8,1286,1278,8,OGPR,OPSH,OPSH,975,OPSH,886,886,OPSH,561035.9761,4866984.999
7674,Point Z,5905997,721912,8,65,LIMESTONE,GRAY    ,HARD    ,OGPR,LMSN,<Null>,<Null>,721912,"LIMESTONE,LMSN,GRAY",bdrk,bedrock,1278,1221,57,1286,1278,8,OGPR,OPSH,OPSH,975,OPSH,886,886,OPSH,561035.9761,4866984.999
7668,Point Z,5905998,721912,65,125,LIMESTONE W/ SHALE,GRY/BLU ,MEDIUM  ,OGCM,LMSN,SHLE,<Null>,721912,"LIMESTONEW/SHALE,LMSN,GRY/BLU",bdrk,bedrock,1221,1161,60,1286,1278,8,OGPR,OPSH,OPSH,975,OPSH,886,886,OPSH,561035.9761,4866984.999
7667,Point Z,5905999,721912,125,168,SHALE,BLUE    ,MEDIUM  ,ODCR,SHLE,LMSN,<Null>,721912,"SHALE,SHLE,BLUE",bdrk,bedrock,1161,1118,43,1286,1278,8,OGPR,OPSH,OPSH,975,OPSH,886,886,OPSH,561035.9761,4866984.999
7673,Point Z,5906000,721912,168,190,LIMESTONE,BROWN   ,HARD    ,OPVL,LMSN,<Null>,<Null>,721912,"LIMESTONE,LMSN,BROWN",bdrk,bedrock,1118,1096,22,1286,1278,8,OGPR,OPSH,OPSH,975,OPSH,886,886,OPSH,561035.9761,4866984.999
7671,Point Z,5906001,721912,190,195,SHALE,GREEN   ,MEDIUM  ,OGWD,SHLE,<Null>,<Null>,721912,"SHALE,SHLE,GREEN",bdrk,bedrock,1096,1091,5,1286,1278,8,OGPR,OPSH,OPSH,975,OPSH,886,886,OPSH,561035.9761,4866984.999
7672,Point Z,5906002,721912,195,293,SANDSTONE,GRAY    ,MEDIUM  ,OSTP,SNDS,<Null>,<Null>,721912,"SANDSTONE,SNDS,GRAY",bdrk,bedrock,1091,993,98,1286,1278,8,OGPR,OPSH,OPSH,975,OPSH,886,886,OPSH,561035.9761,4866984.999
7670,Point Z,5906003,721912,293,400,DOLOMITE,GRAY    ,HARD    ,OPSH,DLMT,SNDS,<Null>,721912,"DOLOMITE,DLMT,GRAY",bdrk,bedrock,993,886,107,1286,1278,8,OGPR,OPSH,OPSH,975,OPSH,886,886,OPSH,561035.9761,4866984.999
10459,Point Z,5915967,719914,0,5,DRIFT,<Null>,<Null>,QUUU,DRFT,<Null>,<Null>,719914,"DRIFT,DRFT,",drift,drift,1280,1275,5,1280,1275,5,OGPC,OPDC,OPDC,868,OPDC,820,820,OPDC,559628.9843,4869620.99
10462,Point Z,5915968,719914,5,132,LIMESTONE,<Null>,<Null>,OGPC,LMSN,<Null>,<Null>,719914,"LIMESTONE,LMSN,",bdrk,bedrock,1275,1148,127,1280,1275,5,OGPC,OPDC,OPDC,868,OPDC,820,820,OPDC,559628.9843,4869620.99
10458,Point Z,5915969,719914,132,192,SHALE,<Null>,<Null>,ODPG,SHLE,LMSN,<Null>,719914,"SHALE,SHLE,",bdrk,bedrock,1148,1088,60,1280,1275,5,OGPC,OPDC,OPDC,868,OPDC,820,820,OPDC,559628.9843,4869620.99
10460,Point Z,5915970,719914,192,292,SANDSTONE,<Null>,<Null>,OSTP,SNDS,<Null>,<Null>,719914,"SANDSTONE,SNDS,",bdrk,bedrock,1088,988,100,1280,1275,5,OGPC,OPDC,OPDC,868,OPDC,820,820,OPDC,559628.9843,4869620.99
10461,Point Z,5915971,719914,292,460,LIMESTONE,<Null>,<Null>,OPDC,DLMT,SNDS,<Null>,719914,"LIMESTONE,DLMT,",bdrk,bedrock,988,820,168,1280,1275,5,OGPC,OPDC,OPDC,868,OPDC,820,820,OPDC,559628.9843,4869620.99
7657,Point Z,6195767,767085,0,21,DRIFT,BROWN   ,SOFT    ,QUUB,DRFT,<Null>,<Null>,767085,"DRIFT,DRFT,BROWN",fill,drift,1299,1278,21,1299,1278,21,OGPC,OPDC,OPDC,956,OPDC,879,879,OPDC,561214.5624,4866971.691
7658,Point Z,6195768,767085,21,144,LIMESTONE,TAN     ,MEDIUM  ,OGPC,LMSN,<Null>,<Null>,767085,"LIMESTONE,LMSN,TAN",bdrk,bedrock,1278,1155,123,1299,1278,21,OGPC,OPDC,OPDC,956,OPDC,879,879,OPDC,561214.5624,4866971.691
7652,Point Z,6195769,767085,144,187,SHALE,BLUE    ,SOFT    ,ODCR,SHLE,<Null>,<Null>,767085,"SHALE,SHLE,BLUE",bdrk,bedrock,1155,1112,43,1299,1278,21,OGPC,OPDC,OPDC,956,OPDC,879,879,OPDC,561214.5624,4866971.691
7653,Point Z,6195770,767085,187,211,LIMESTONE,GRAY    ,HARD    ,OPVL,LMSN,<Null>,<Null>,767085,"LIMESTONE,LMSN,GRAY",bdrk,bedrock,1112,1088,24,1299,1278,21,OGPC,OPDC,OPDC,956,OPDC,879,879,OPDC,561214.5624,4866971.691
7654,Point Z,6195771,767085,211,216,SHALE,BLUE    ,SOFT    ,OGWD,SHLE,<Null>,<Null>,767085,"SHALE,SHLE,BLUE",bdrk,bedrock,1088,1083,5,1299,1278,21,OGPC,OPDC,OPDC,956,OPDC,879,879,OPDC,561214.5624,4866971.691
7656,Point Z,6195772,767085,216,312,SANDSTONE,GRAY    ,SOFT    ,OSTP,SNDS,<Null>,<Null>,767085,"SANDSTONE,SNDS,GRAY",bdrk,bedrock,1083,987,96,1299,1278,21,OGPC,OPDC,OPDC,956,OPDC,879,879,OPDC,561214.5624,4866971.691
7655,Point Z,6195773,767085,312,420,LIMESTONE,GRAY    ,HARD    ,OPDC,DLMT,<Null>,<Null>,767085,"LIMESTONE,DLMT,GRAY",bdrk,bedrock,987,879,108,1299,1278,21,OGPC,OPDC,OPDC,956,OPDC,879,879,OPDC,561214.5624,4866971.691
10409,Point Z,6309271,742923,0,2,CLAY,BROWN   ,SOFT    ,QCUB,CLAY,<Null>,<Null>,742923,"CLAY,CLAY,BROWN",till,"clay, brown",1280,1278,2,1280,1258,22,OGPC,OSTP,OSTP,1021,OSTP,1010,1010,OSTP,560053.6925,4869605.24
10410,Point Z,6309272,742923,2,125,LIMESTONE,GRAY    ,HARD    ,OGPC,LMSN,<Null>,<Null>,742923,"LIMESTONE,LMSN,GRAY",bdrk,bedrock,1278,1155,123,1280,1258,22,OGPC,OSTP,OSTP,1021,OSTP,1010,1010,OSTP,560053.6925,4869605.24
10411,Point Z,6309273,742923,125,168,SHALE,BLUE    ,MEDIUM  ,ODCR,SHLE,LMSN,<Null>,742923,"SHALE,SHLE,BLUE",bdrk,bedrock,1155,1112,43,1280,1258,22,OGPC,OSTP,OSTP,1021,OSTP,1010,1010,OSTP,560053.6925,4869605.24
10414,Point Z,6309274,742923,168,190,LIMESTONE,BROWN   ,HARD    ,OPVL,LMSN,<Null>,<Null>,742923,"LIMESTONE,LMSN,BROWN",bdrk,bedrock,1112,1090,22,1280,1258,22,OGPC,OSTP,OSTP,1021,OSTP,1010,1010,OSTP,560053.6925,4869605.24
10413,Point Z,6309275,742923,190,197,SHALE,GREEN   ,MEDIUM  ,OGWD,SHLE,<Null>,<Null>,742923,"SHALE,SHLE,GREEN",bdrk,bedrock,1090,1083,7,1280,1258,22,OGPC,OSTP,OSTP,1021,OSTP,1010,1010,OSTP,560053.6925,4869605.24
10412,Point Z,6309276,742923,197,270,SANDSTONE,GRAY    ,MEDIUM  ,OSTP,SNDS,<Null>,<Null>,742923,"SANDSTONE,SNDS,GRAY",bdrk,bedrock,1083,1010,73,1280,1258,22,OGPC,OSTP,OSTP,1021,OSTP,1010,1010,OSTP,560053.6925,4869605.24
10357,Point Z,6397829,626647,260,420,NO RECORD,<Null>,<Null>,OPDC,DLMT,<Null>,<Null>,626647,"NORECORD,DLMT,",bdrk,bedrock,985,825,160,1245,1235,10,OGPC,OPDC,OPDC,867,OPDC,825,825,OPDC,557629.981,4869556.294
8114,Point Z,6452260,721932,0,11,CLAY & ROCK,BROWN   ,SOFT    ,QPUB,CLAY,COBL,<Null>,721932,"CLAY&ROCK,CLAY,BROWN",till,"clay, gravel, brown",1303,1292,11,1303,1292,11,OGSC,OSTP,OSTP,1010,OSTP,993,993,OSTP,560678.9743,4867848.004
8117,Point Z,6452261,721932,11,151,LIMESTONE,BROWN   ,HARD    ,OGSC,LMSN,DLMT,<Null>,721932,"LIMESTONE,LMSN,BROWN",bdrk,bedrock,1292,1152,140,1303,1292,11,OGSC,OSTP,OSTP,1010,OSTP,993,993,OSTP,560678.9743,4867848.004
8116,Point Z,6452262,721932,151,192,SHALE,BLUE    ,MEDIUM  ,ODCR,SHLE,LMSN,<Null>,721932,"SHALE,SHLE,BLUE",bdrk,bedrock,1152,1111,41,1303,1292,11,OGSC,OSTP,OSTP,1010,OSTP,993,993,OSTP,560678.9743,4867848.004
8115,Point Z,6452263,721932,192,214,LIMESTONE,BROWN   ,HARD    ,OPVL,LMSN,<Null>,<Null>,721932,"LIMESTONE,LMSN,BROWN",bdrk,bedrock,1111,1089,22,1303,1292,11,OGSC,OSTP,OSTP,1010,OSTP,993,993,OSTP,560678.9743,4867848.004
8118,Point Z,6452264,721932,214,221,SHALE,GREEN   ,MEDIUM  ,OGWD,SHLE,<Null>,<Null>,721932,"SHALE,SHLE,GREEN",bdrk,bedrock,1089,1082,7,1303,1292,11,OGSC,OSTP,OSTP,1010,OSTP,993,993,OSTP,560678.9743,4867848.004
8113,Point Z,6452265,721932,221,310,SANDSTONE,GRAY    ,MEDIUM  ,OSTP,SNDS,<Null>,<Null>,721932,"SANDSTONE,SNDS,GRAY",bdrk,bedrock,1082,993,89,1303,1292,11,OGSC,OSTP,OSTP,1010,OSTP,993,993,OSTP,560678.9743,4867848.004
7857,Point Z,6580420,220611,59,120,GALENA LIMESTONE,<Null>,<Null>,OGCM,<Null>,<Null>,<Null>,220611,"GALENALIMESTONE,,",bdrk,bedrock,1208,1147,61,1267,1248,19,OGPR,OSTP,OSTP,1050,OSTP,980,980,OSTP,557369.32,4867293.78
7820,Point Z,6616238,817782,0,5,TOP SOIL,BLACK   ,SOFT    ,RUUK,SOIL,ORGD,<Null>,817782,"TOPSOIL,SOIL,BLACK",fill,soil,1255,1250,5,1255,1248,7,OGPR,OPOD,OPSH,955,OPOD,800,800,OPDC,557098.3866,4867266.994
7816,Point Z,6616239,817782,5,7,CLAY,YELLOW  ,SOFT    ,QCUY,CLAY,<Null>,<Null>,817782,"CLAY,CLAY,YELLOW",till,"clay, yellow",1250,1248,2,1255,1248,7,OGPR,OPOD,OPSH,955,OPOD,800,800,OPDC,557098.3866,4867266.994
7814,Point Z,6616240,817782,7,9,BROKEN LIME,GRAY    ,MEDIUM  ,OGPR,LMSN,DLMT,<Null>,817782,"BROKENLIME,LMSN,GRAY",bdrk,bedrock,1248,1246,2,1255,1248,7,OGPR,OPOD,OPSH,955,OPOD,800,800,OPDC,557098.3866,4867266.994
7813,Point Z,6616241,817782,9,12,LIMESTONE,TAN     ,MEDIUM  ,OGPR,LMSN,DLMT,<Null>,817782,"LIMESTONE,LMSN,TAN",bdrk,bedrock,1246,1243,3,1255,1248,7,OGPR,OPOD,OPSH,955,OPOD,800,800,OPDC,557098.3866,4867266.994
7821,Point Z,6616242,817782,12,34,LIMESTONE,YELLOW  ,HARD    ,OGPR,LMSN,DLMT,<Null>,817782,"LIMESTONE,LMSN,YELLOW",bdrk,bedrock,1243,1221,22,1255,1248,7,OGPR,OPOD,OPSH,955,OPOD,800,800,OPDC,557098.3866,4867266.994
7817,Point Z,6616243,817782,34,100,LIMESTONE,YELLOW  ,HARD    ,OGCM,LMSN,SHLE,<Null>,817782,"LIMESTONE,LMSN,YELLOW",bdrk,bedrock,1221,1155,66,1255,1248,7,OGPR,OPOD,OPSH,955,OPOD,800,800,OPDC,557098.3866,4867266.994
7825,Point Z,6616244,817782,100,140,LIMESTONE,YELLOW  ,HARD    ,ODCR,SHLE,<Null>,<Null>,817782,"LIMESTONE,SHLE,YELLOW",bdrk,bedrock,1155,1115,40,1255,1248,7,OGPR,OPOD,OPSH,955,OPOD,800,800,OPDC,557098.3866,4867266.994
7829,Point Z,6616245,817782,140,145,SHALE,GREEN   ,MEDIUM  ,ODCR,SHLE,<Null>,<Null>,817782,"SHALE,SHLE,GREEN",bdrk,bedrock,1115,1110,5,1255,1248,7,OGPR,OPOD,OPSH,955,OPOD,800,800,OPDC,557098.3866,4867266.994
7818,Point Z,6616246,817782,145,160,SHALE,GREEN   ,MEDIUM  ,OPVL,LMSN,<Null>,<Null>,817782,"SHALE,LMSN,GREEN",bdrk,bedrock,1110,1095,15,1255,1248,7,OGPR,OPOD,OPSH,955,OPOD,800,800,OPDC,557098.3866,4867266.994
7815,Point Z,6616247,817782,160,164,SANDSTONE,TAN     ,SOFT    ,OPVL,LMSN,<Null>,<Null>,817782,"SANDSTONE,LMSN,TAN",bdrk,bedrock,1095,1091,4,1255,1248,7,OGPR,OPOD,OPSH,955,OPOD,800,800,OPDC,557098.3866,4867266.994
7823,Point Z,6616248,817782,164,175,SANDSTONE,TAN     ,SOFT    ,OGWD,SHLE,<Null>,<Null>,817782,"SANDSTONE,SHLE,TAN",bdrk,bedrock,1091,1080,11,1255,1248,7,OGPR,OPOD,OPSH,955,OPOD,800,800,OPDC,557098.3866,4867266.994
7819,Point Z,6616249,817782,175,265,SANDSTONE,TAN     ,SOFT    ,OSTP,SNDS,<Null>,<Null>,817782,"SANDSTONE,SNDS,TAN",bdrk,bedrock,1080,990,90,1255,1248,7,OGPR,OPOD,OPSH,955,OPOD,800,800,OPDC,557098.3866,4867266.994
7824,Point Z,6616250,817782,265,272,SILICA SAND,WHITE   ,SOFT    ,OSTP,SNDS,<Null>,<Null>,817782,"SILICASAND,SNDS,WHITE",bdrk,bedrock,990,983,7,1255,1248,7,OGPR,OPOD,OPSH,955,OPOD,800,800,OPDC,557098.3866,4867266.994
7827,Point Z,6616251,817782,272,273,SILICA SAND,WHITE   ,SOFT    ,OPSH,DLMT,<Null>,<Null>,817782,"SILICASAND,DLMT,WHITE",bdrk,bedrock,983,982,1,1255,1248,7,OGPR,OPOD,OPSH,955,OPOD,800,800,OPDC,557098.3866,4867266.994
7828,Point Z,6616252,817782,273,300,DOLOMITE/SHALE,GREEN   ,HARD    ,OPSH,DLMT,SHLE,<Null>,817782,"DOLOMITE/SHALE,DLMT,GREEN",bdrk,bedrock,982,955,27,1255,1248,7,OGPR,OPOD,OPSH,955,OPOD,800,800,OPDC,557098.3866,4867266.994
7830,Point Z,6616253,817782,300,377,DOLOMITE,PNK/GRY ,MEDIUM  ,OPSH,DLMT,<Null>,<Null>,817782,"DOLOMITE,DLMT,PNK/GRY",bdrk,bedrock,955,878,77,1255,1248,7,OGPR,OPOD,OPSH,955,OPOD,800,800,OPDC,557098.3866,4867266.994
7826,Point Z,6616254,817782,377,380,DOLOMITE/SHALE,BLK/GRN ,HARD    ,OPSH,DLMT,SHLE,<Null>,817782,"DOLOMITE/SHALE,DLMT,BLK/GRN",bdrk,bedrock,878,875,3,1255,1248,7,OGPR,OPOD,OPSH,955,OPOD,800,800,OPDC,557098.3866,4867266.994
7822,Point Z,6616255,817782,380,403,DOLOMITE/QUARTZ SAND ,YEL/PNK ,MEDIUM  ,OPSH,DLMT,<Null>,<Null>,817782,"DOLOMITE/QUARTZSAND,DLMT,YEL/PNK",bdrk,bedrock,875,852,23,1255,1248,7,OGPR,OPOD,OPSH,955,OPOD,800,800,OPDC,557098.3866,4867266.994
7831,Point Z,6616256,817782,403,411,DOLOMITE,PNK/GRY ,MEDIUM  ,OPSH,DLMT,<Null>,<Null>,817782,"DOLOMITE,DLMT,PNK/GRY",bdrk,bedrock,852,844,8,1255,1248,7,OGPR,OPOD,OPSH,955,OPOD,800,800,OPDC,557098.3866,4867266.994
7833,Point Z,6616257,817782,411,416,DOLOMITE,PNK/GRY ,MEDIUM  ,OPOD,DLMT,<Null>,<Null>,817782,"DOLOMITE,DLMT,PNK/GRY",bdrk,bedrock,844,839,5,1255,1248,7,OGPR,OPOD,OPSH,955,OPOD,800,800,OPDC,557098.3866,4867266.994
7832,Point Z,6616258,817782,416,455,DOLOMITE,PNK/GRY ,MEDIUM  ,OPOD,DLMT,<Null>,<Null>,817782,"DOLOMITE,DLMT,PNK/GRY",bdrk,bedrock,839,800,39,1255,1248,7,OGPR,OPOD,OPSH,955,OPOD,800,800,OPDC,557098.3866,4867266.994
7837,Point Z,6616259,817784,0,5,TOP SOIL,BLK/BLU ,SOFT    ,RUUK,SOIL,ORGD,<Null>,817784,"TOPSOIL,SOIL,BLK/BLU",fill,soil,1254,1249,5,1254,1247,7,OGPR,OGCM,OGPR,1236,OGCM,1174,1174,OGPC,557095.126,4867267.008
7835,Point Z,6616260,817784,5,7,CLAY,YELLOW  ,SOFT    ,QCUY,CLAY,<Null>,<Null>,817784,"CLAY,CLAY,YELLOW",till,"clay, yellow",1249,1247,2,1254,1247,7,OGPR,OGCM,OGPR,1236,OGCM,1174,1174,OGPC,557095.126,4867267.008
7839,Point Z,6616261,817784,7,9,LIMESTONE,YELLOW  ,MEDIUM  ,OGPR,LMSN,DLMT,<Null>,817784,"LIMESTONE,LMSN,YELLOW",bdrk,bedrock,1247,1245,2,1254,1247,7,OGPR,OGCM,OGPR,1236,OGCM,1174,1174,OGPC,557095.126,4867267.008
7834,Point Z,6616262,817784,9,12,LIMESTONE,TAN     ,HARD    ,OGPR,LMSN,DLMT,<Null>,817784,"LIMESTONE,LMSN,TAN",bdrk,bedrock,1245,1242,3,1254,1247,7,OGPR,OGCM,OGPR,1236,OGCM,1174,1174,OGPC,557095.126,4867267.008
7838,Point Z,6616263,817784,12,34,LIMESTONE,YELLOW  ,HARD    ,OGPR,LMSN,DLMT,<Null>,817784,"LIMESTONE,LMSN,YELLOW",bdrk,bedrock,1242,1220,22,1254,1247,7,OGPR,OGCM,OGPR,1236,OGCM,1174,1174,OGPC,557095.126,4867267.008
7836,Point Z,6616264,817784,34,80,LIMESTONE,YELLOW  ,HARD    ,OGCM,LMSN,SHLE,<Null>,817784,"LIMESTONE,LMSN,YELLOW",bdrk,bedrock,1220,1174,46,1254,1247,7,OGPR,OGCM,OGPR,1236,OGCM,1174,1174,OGPC,557095.126,4867267.008
7800,Point Z,6616265,817783,0,5,TOP SOIL,BLACK   ,SOFT    ,RUUK,SOIL,ORGD,<Null>,817783,"TOPSOIL,SOIL,BLACK",fill,soil,1255,1250,5,1255,1248,7,OGPR,OSTP,OSTP,1055,OSTP,990,990,OSTP,557102.0781,4867266.984
7804,Point Z,6616266,817783,5,7,CLAY,YELLOW  ,SOFT    ,QCUY,CLAY,<Null>,<Null>,817783,"CLAY,CLAY,YELLOW",till,"clay, yellow",1250,1248,2,1255,1248,7,OGPR,OSTP,OSTP,1055,OSTP,990,990,OSTP,557102.0781,4867266.984
7802,Point Z,6616267,817783,7,9,BROKEN LIMESTONE,GRAY    ,MEDIUM  ,OGPR,LMSN,DLMT,<Null>,817783,"BROKENLIMESTONE,LMSN,GRAY",bdrk,bedrock,1248,1246,2,1255,1248,7,OGPR,OSTP,OSTP,1055,OSTP,990,990,OSTP,557102.0781,4867266.984
7807,Point Z,6616268,817783,9,12,LIMESTONE,TAN     ,MEDIUM  ,OGPR,LMSN,DLMT,<Null>,817783,"LIMESTONE,LMSN,TAN",bdrk,bedrock,1246,1243,3,1255,1248,7,OGPR,OSTP,OSTP,1055,OSTP,990,990,OSTP,557102.0781,4867266.984
7805,Point Z,6616269,817783,12,34,LIMESTONE,YELLOW  ,HARD    ,OGPR,LMSN,DLMT,<Null>,817783,"LIMESTONE,LMSN,YELLOW",bdrk,bedrock,1243,1221,22,1255,1248,7,OGPR,OSTP,OSTP,1055,OSTP,990,990,OSTP,557102.0781,4867266.984
7811,Point Z,6616270,817783,34,80,LIMESTONE,YELLOW  ,HARD    ,OGCM,LMSN,SHLE,<Null>,817783,"LIMESTONE,LMSN,YELLOW",bdrk,bedrock,1221,1175,46,1255,1248,7,OGPR,OSTP,OSTP,1055,OSTP,990,990,OSTP,557102.0781,4867266.984
7812,Point Z,6616271,817783,80,100,LIMESTONE,YELLOW  ,HARD    ,OGCM,LMSN,SHLE,<Null>,817783,"LIMESTONE,LMSN,YELLOW",bdrk,bedrock,1175,1155,20,1255,1248,7,OGPR,OSTP,OSTP,1055,OSTP,990,990,OSTP,557102.0781,4867266.984
7809,Point Z,6616272,817783,100,140,LIMESTONE,YELLOW  ,HARD    ,ODCR,SHLE,<Null>,<Null>,817783,"LIMESTONE,SHLE,YELLOW",bdrk,bedrock,1155,1115,40,1255,1248,7,OGPR,OSTP,OSTP,1055,OSTP,990,990,OSTP,557102.0781,4867266.984
7801,Point Z,6616273,817783,140,145,LIMESTONE,GREEN   ,MEDIUM  ,ODCR,SHLE,<Null>,<Null>,817783,"LIMESTONE,SHLE,GREEN",bdrk,bedrock,1115,1110,5,1255,1248,7,OGPR,OSTP,OSTP,1055,OSTP,990,990,OSTP,557102.0781,4867266.984
7810,Point Z,6616274,817783,145,160,LIMESTONE,GREEN   ,MEDIUM  ,OPVL,LMSN,<Null>,<Null>,817783,"LIMESTONE,LMSN,GREEN",bdrk,bedrock,1110,1095,15,1255,1248,7,OGPR,OSTP,OSTP,1055,OSTP,990,990,OSTP,557102.0781,4867266.984
7806,Point Z,6616275,817783,160,164,SANDSTONE,TAN     ,SOFT    ,OPVL,LMSN,<Null>,<Null>,817783,"SANDSTONE,LMSN,TAN",bdrk,bedrock,1095,1091,4,1255,1248,7,OGPR,OSTP,OSTP,1055,OSTP,990,990,OSTP,557102.0781,4867266.984
7808,Point Z,6616276,817783,164,175,SANDSTONE,TAN     ,SOFT    ,OGWD,SHLE,<Null>,<Null>,817783,"SANDSTONE,SHLE,TAN",bdrk,bedrock,1091,1080,11,1255,1248,7,OGPR,OSTP,OSTP,1055,OSTP,990,990,OSTP,557102.0781,4867266.984
7803,Point Z,6616277,817783,175,265,SANDSTONE,TAN     ,SOFT    ,OSTP,SNDS,<Null>,<Null>,817783,"SANDSTONE,SNDS,TAN",bdrk,bedrock,1080,990,90,1255,1248,7,OGPR,OSTP,OSTP,1055,OSTP,990,990,OSTP,557102.0781,4867266.984
